Response ID,In what domain/industry are you working primarily?,For how many years have you been working in Software Engineering?,How would you describe your responsibilities? [Developer],How would you describe your responsibilities? [Product Owner],How would you describe your responsibilities? [Project Manager],How would you describe your responsibilities? [Tester],How would you describe your responsibilities? [Test Manager],How would you describe your responsibilities? [Architect],How would you describe your responsibilities? [Requirements Engineer],How would you describe your responsibilities? [Other],Do you work in a virtual team setting? [Are you part of an offshore team?],Do you work in a virtual team setting? [Do you work with offshore teams?],Do you work in a virtual team setting? [Do you work from remote more than half of the time?],Do you work in a virtual team setting? [Are your team members geographically dispersed?],Do you work in a virtual team setting? [Is your team recomposed for new projects?],Is your team more plan-driven or more agile?,Is your team more plan-driven or more agile? [Other],Is the language primarily used at work your native language?,Indicate how often the following communication channels are used by your team. [Asynchronous Text-Based (e.g. eMail)],"Indicate how often the following communication channels are used by your team. [Synchronous Text-Based (e.g. Chats, Slack)]",Indicate how often the following communication channels are used by your team. [Audio],Indicate how often the following communication channels are used by your team. [Audio + Video],Indicate how often the following communication channels are used by your team. [Virtual Reality-based Communication],Indicate how often the following communication channels are used by your team. [In-Person Meetings],Please indicate your preference for each communication channel. [Asynchronous Text-Based (e.g. eMail)],"Please indicate your preference for each communication channel. [Synchronous Text-Based (e.g. Chats, Slack)]",Please indicate your preference for each communication channel. [Audio],Please indicate your preference for each communication channel. [Audio + Video],Please indicate your preference for each communication channel. [Virtual Reality-based Communication],Please indicate your preference for each communication channel. [In-Person Meetings],How successful is your team's use of communication overall?,How satisfied are you overall with how your team leverages communication technology?,How did your team fail to leverage communication tech?,How did your team successfully leverage communication tech?,What was the effect of the team failing to leverage communication technology? In what did or does this result?,What was the effect of the team being able to leverage communication technology? In what did or does this result? ,Is your current usage of communication channels a temporary situation due to COVID-19?,"Please indicate how often these challenges arise in your team. [“Not my job”-mentalityPeople that refuse to take on or help with tasks that are outside of their role or were not explicitly assigned to them during the planning process. Includes situations in which team members stumble across an issue that was not their responsibility, but they could fix with relative ease, yet they choose not to.]","Please indicate how often these challenges arise in your team. [Different communication preferencesClashing preferences of how synchronization should happen(chat, mail, voice calls, video calls, in-person meetings, via documentation/planning tools) leading to people being upset over the chosen mode or planning being delayed or obstructed due to unmotivated participation.]",Please indicate how often these challenges arise in your team. [Destructive CompetitionPeople that put their own personal gain above the common goal. Prestigious tasks are not assigned to the most competent person but out of political reasons. (Representatives of departments refusing to cooperate or even manipulating others to profit personally).],"Please indicate how often these challenges arise in your team. [Lack of ConfidencePeople that systematically underestimate their potential, thus avoiding challenging tasks and potentially limiting their own growth.]","Please indicate how often these challenges arise in your team. [Over-ConfidencePeople that systematically overestimate their current skill and knowledge, leading (for example) to incorrect time or budget estimates.]",Please indicate how often these challenges arise in your team. [Lack of EmpathyPeople without a sense of how those around them feel or without a will to adapt to the emotional state of colleagues. Examples: Anxious colleague is yelled at for not being able to complete a task instead of supported. Emotional unrest is not recognized and no support offered by superiors or colleagues.],"Please indicate how often these challenges arise in your team. [PressurePeople being pressured to be more productive using forceful communication (yelling, belittling, needlessly pointing out deadlines) instead of jointly looking for ways or getting additional resources to improve the situation.]","Please indicate how often these challenges arise in your team. [People not reporting problems in timePeople not requesting assistance or not reporting a blocking problem immediately, potentially pretending there is no problem as to not lose face, potentially endangering financial or time constraints.]",Please indicate how often these challenges arise in your team. [Frequently changing team membersThe teams are often recomposed and workers have to work with and adapt to new team members.],"Please indicate how often these challenges arise in your team. [Aggressive Discussion StylesPeople that use shouting, yelling and general aggressive verbal modes, or try to allocate a lot of speaking time for themselves, while not giving room to speak for less dominant colleagues.]","Please indicate how often these challenges arise in your team. [MisunderstandingsThe intended meaning is not transferred accurately over the selected communication channel. This could be due to bad pronunciation, language barriers, technical issues, use of sarcasm/irony, leaving out details because it is assumed it is already known etc.]","Please indicate how often these challenges arise in your team. [Discussions are not solution-orientedDiscussions or meetings often either become off-topic or are not aimed towards finding an actual solution, but rather used as a vent to complain about circumstances.]","Please indicate how often these challenges arise in your team. [Reluctance to change working habitsStaff are reluctant to try out new infrastructure, processes or tools and would rather stick to the established, even if it is known to perform worse.]","Please indicate how often these challenges arise in your team. [Team is not kept up-to-dateUpdates regarding the project, the team’s or company’s vision, problems and goals or staff changes are not communicated clearly and/or in time.]",Please indicate how often these challenges arise in your team. [Lack of mentorsDelays occur as there is no designated person to contact in case of technical issues or lack of knowledge about company procedures.],"Please indicate how often these challenges arise in your team. [Missing team cohesionThere is no feeling of being a “closely knit” team, with its members supporting each other technically and emotionally and being interested in each other’s tasks.]","Please indicate how often these challenges arise in your team. [Different needs of staff not respectedThe working environment does not cater to individual needs and requests for individual changes are not respected by the management, leading to colleagues feeling unhappy about the place they work in. Examples: Standing desks are denied. People are forced to work in open space offices.]","Please indicate how often these challenges arise in your team. [NegativityA general sense of negativity lingers, causing demotivation and rants rather than a productive spirit of problem solving.]","Please indicate how often these challenges arise in your team. [HarassmentPeople harassing colleagues, including insults, threats, belittling, lack of respect, racism and sexism.]","Please indicate how often these challenges arise in your team. [Missing appreciationSuperiors or colleagues rarely acknowledge the work behind a successful task, or the sacrifices individual staff made to make something possible.]","Please indicate how often these challenges arise in your team. [Lack of mediation in conflictsPersonal disputes linger on for a long time, potentially disrupting productivity, as there is no procedure or responsible person to mediate the two opposing parties.]",Please indicate how often these challenges arise. [Bad Work-Life-BalanceUnmitigated fatigue leading to less productivity during workhours.],"Please indicate how often these challenges arise. [Work is not solution-orientedA lot of time is spent on work that does not add to the solution, but is necessary to meet a certain (potentially emotional) expectation. Example: A certain style of code is required even though the delivered code meets quality and maintainability standards. An unsuitable framework is used because a team lead prefers it.]","Please indicate how often these challenges arise. [Tasks insufficiently analyzedThe complexity and requirements of a task were not explored well enough, thus leading to an incorrect time assessment or lack of required knowledge to solve it well and in time.]","Please indicate how often these challenges arise. [Task is not well defined or explainedTasks are often not explained sufficiently, leave too much room for interpretation, possibly leading to unnecessary or wrong implementations that need to be revised later on.]","Please indicate how often these challenges arise. [Lack of knowledgeThe assigned tasks require far more expertise than the assignee has. While a challenging task can lead to growth, a task that is too difficult can hinder learning.]",Please indicate how often these challenges arise. [Gold PlatingTasks are “overdone” and more functionality than required by the task or client is added.],Please indicate how often these challenges arise. [DemotivationTime is wasted and procrastination occurs as there is a feeling of not wanting to work on specific tasks.],Do you have any additional challenges to report?,Do you have any feedback or remarks about the survey?
3,Goverment IT Conulting,20,Yes,Yes,No,No,No,Yes,No,,Yes,Yes,Yes,Yes,Yes,Very agile,,Yes,Sometimes,Often,Often,Rarely,Never,Rarely,Prefer,Prefer,Prefer,Neither prefer nor disprefer,Neither prefer nor disprefer,Prefer,Very successful,Satisfied,,,,,Yes,Never,Rarely,Never,Never,Never,Rarely,Sometimes,Rarely,Rarely,Never,Sometimes,Rarely,Never,Rarely,Never,Rarely,Rarely,Never,Never,Rarely,Sometimes,Sometimes,Never,Rarely,Rarely,Rarely,Never,Rarely,,
5,Wholesale,7,Yes,No,No,No,No,No,No,,No,Yes,Yes,Yes,No,"Part plan-driven, part agile",,No,Rarely,Often,Very Often,Very Often,Never,Rarely,Prefer,Strongly prefer,Disprefer,Disprefer,Strongly disprefer,Strongly disprefer,Successful,Satisfied,,,,,No,Rarely,Sometimes,Rarely,Rarely,Rarely,Sometimes,Often,Rarely,Rarely,Rarely,Sometimes,Sometimes,Sometimes,Rarely,Never,Rarely,Rarely,Rarely,Rarely,Sometimes,Rarely,Rarely,Sometimes,Rarely,Rarely,Rarely,Sometimes,Sometimes,,
9,Financial,20,Yes,No,No,No,No,No,No,,No,No,No,No,Yes,Rather plan-driven,,No,Often,Sometimes,Often,Sometimes,Never,Often,Strongly prefer,Prefer,Prefer,Neither prefer nor disprefer,Neither prefer nor disprefer,Prefer,Successful,Satisfied,,Very successfully,,Realization of projects,No,Rarely,Sometimes,Rarely,Sometimes,Sometimes,Sometimes,Sometimes,Sometimes,Rarely,Rarely,Sometimes,Sometimes,Sometimes,Rarely,Rarely,Sometimes,Rarely,Rarely,Rarely,Sometimes,Sometimes,Often,Sometimes,Sometimes,Sometimes,Rarely,Rarely,Sometimes,What to do to improve unsatisfactory state? If any ;),Keep goin' :)
10,Healthcare industry ,6,Yes,Yes,No,Yes,No,No,No,,Yes,Yes,No,Yes,Yes,Very agile,,Yes,Rarely,Often,Very Often,Often,Never,Very Often,Strongly prefer,Prefer,Prefer,Prefer,Neither prefer nor disprefer,Strongly prefer,Neither successful nor unsuccessful,Neither satisfied nor dissatisfied,,,,,Yes,Often,Rarely,Never,Never,Rarely,Often,Sometimes,Rarely,Sometimes,Rarely,Sometimes,Rarely,Never,Rarely,Sometimes,Sometimes,Often,Sometimes,Never,Rarely,Never,Sometimes,Never,Sometimes,Sometimes,Sometimes,Sometimes,Sometimes,"When requirements were given by the client to the team lead and were distributed to the team members, everything was told verbally. Requirements were not elicited properly and was rarely given in a written format  which often led to misunderstandings  as to weather the done task was discussed or not. ",Very good and appropriate survey. 
11,Data science,9,Yes,No,No,No,No,Yes,No,,No,No,No,Yes,Yes,"Part plan-driven, part agile",,No,Often,Very Often,Rarely,Often,Never,Often,Prefer,Strongly prefer,Prefer,Strongly prefer,Disprefer,Strongly prefer,Successful,Very satisfied,,"Conference with video and zoom integration, open slack channels to drop-in and discuss any topic ",,Fluid and prompt discussions,No,Rarely,Sometimes,Rarely,Sometimes,Rarely,Rarely,Never,Sometimes,Sometimes,Never,Sometimes,Sometimes,Rarely,Sometimes,Never,Never,Rarely,Sometimes,Never,Sometimes,Never,Rarely,Rarely,Sometimes,Often,Rarely,Never,Rarely,,
13,,4,Yes,No,No,No,No,No,No,,No,Yes,No,No,Yes,"Part plan-driven, part agile",,No,Sometimes,Often,Often,Often,Never,Often,Strongly disprefer,Prefer,Prefer,Disprefer,Disprefer,Neither prefer nor disprefer,Unsuccessful,Neither satisfied nor dissatisfied,,,,,No,Never,Never,Very Often,Never,Rarely,Very Often,Often,Sometimes,Never,Never,Rarely,Sometimes,Rarely,Never,Sometimes,Sometimes,Rarely,Sometimes,Sometimes,Often,Often,Rarely,Sometimes,Rarely,Sometimes,Rarely,Rarely,Sometimes,,
14,TV Streaming,5,Yes,No,No,No,No,No,No,,No,No,Yes,No,No,Very agile,,Yes,Sometimes,Very Often,Often,Rarely,Never,Often,Disprefer,Strongly prefer,Strongly prefer,Neither prefer nor disprefer,Neither prefer nor disprefer,Strongly prefer,Successful,Neither satisfied nor dissatisfied,,,,,Yes,Sometimes,Often,Never,Often,Often,Rarely,Sometimes,Sometimes,Never,Rarely,Never,Rarely,Often,Rarely,Sometimes,Rarely,Rarely,Sometimes,Never,Sometimes,Rarely,Sometimes,Sometimes,Often,Often,Often,Rarely,Sometimes,,
15,Energy,7,Yes,No,No,No,No,No,No,,No,No,No,Yes,,"Part plan-driven, part agile",,No,Often,Very Often,Very Often,Rarely,Never,Rarely,Prefer,Strongly prefer,Strongly prefer,Disprefer,Neither prefer nor disprefer,Neither prefer nor disprefer,Successful,Very satisfied,,,,,No,Never,Never,Never,Never,Never,Never,Sometimes,Sometimes,Never,Never,Never,Sometimes,Sometimes,Rarely,Never,Never,Never,Never,Never,Never,Never,Sometimes,Sometimes,Sometimes,Rarely,Sometimes,Sometimes,Sometimes,,
16,Education,8,Yes,No,No,No,No,Yes,No,,No,No,Yes,Yes,No,Rather agile,,Yes,Never,Very Often,Very Often,Rarely,Never,Rarely,Prefer,Strongly prefer,Neither prefer nor disprefer,Disprefer,Disprefer,Strongly disprefer,Neither successful nor unsuccessful,Satisfied,,"We use Slack's threading feature extensively, this helps a lot for people on disparate projects to keep up on what is happening without being swarmed by details if they don't need it.",,"It helped us write down what is expected more. Previously it was all very much up-in-the-air and person-to-person communication, which is terrible for teamwork.",No,Sometimes,Often,Rarely,Very Often,Often,Sometimes,Never,Sometimes,Never,Rarely,Often,Sometimes,Often,Often,Often,Never,Sometimes,Sometimes,Never,Very Often,Never,Never,Rarely,Often,Often,Rarely,Sometimes,Often,,
18,Consulting / Various domains ,9,No,No,No,No,No,Yes,No,,No,No,Yes,No,Yes,Rather agile,,No,Sometimes,Very Often,Very Often,Often,Never,Sometimes,Prefer,Strongly prefer,Strongly prefer,Strongly prefer,Neither prefer nor disprefer,Prefer,Successful,Satisfied,,,,,Yes,Sometimes,Rarely,Never,Rarely,Rarely,Rarely,Sometimes,Often,Sometimes,Rarely,Sometimes,Often,Rarely,Often,Sometimes,Sometimes,Rarely,Rarely,Rarely,Rarely,Rarely,Never,Often,Very Often,Very Often,Sometimes,Rarely,Sometimes,,
19,CLOUD SECURITY,9,No,Yes,No,No,No,No,Yes,,No,No,Yes,Yes,No,Rather plan-driven,,No,Often,Often,Often,Sometimes,Never,Rarely,Prefer,Prefer,Prefer,Neither prefer nor disprefer,Disprefer,Neither prefer nor disprefer,Successful,Satisfied,,,,,No,Often,Often,Often,Rarely,Sometimes,Rarely,Rarely,Sometimes,Sometimes,Rarely,Rarely,Rarely,Rarely,Rarely,Rarely,Rarely,Rarely,Rarely,Rarely,Rarely,Rarely,Rarely,Rarely,Rarely,Rarely,Rarely,Rarely,Rarely,,
20,Software Engineering ,7,No,No,No,Yes,No,No,No,Devops ,No,No,Yes,Yes,No,Rather agile,,No,Rarely,Often,Very Often,Very Often,Never,Sometimes,Disprefer,Disprefer,Prefer,Neither prefer nor disprefer,Disprefer,Neither prefer nor disprefer,Successful,Satisfied,,,,,Yes,Rarely,Never,Rarely,Sometimes,Rarely,Rarely,Rarely,Sometimes,Rarely,Sometimes,Sometimes,Often,Often,Sometimes,Sometimes,Sometimes,Rarely,Sometimes,Never,Sometimes,Rarely,Sometimes,Often,Often,Very Often,Often,Sometimes,Sometimes,,
21,Agricultural machinery,8,Yes,No,No,No,No,Yes,No,,No,No,No,No,No,"Part plan-driven, part agile",,No,Rarely,Very Often,Often,Often,Never,Often,Disprefer,Prefer,Strongly prefer,Strongly prefer,Neither prefer nor disprefer,Prefer,Successful,Neither satisfied nor dissatisfied,,,,,Yes,Never,Never,Rarely,Rarely,Sometimes,Sometimes,Rarely,Rarely,Rarely,Rarely,Sometimes,Often,Sometimes,Often,Never,Never,Sometimes,Rarely,Rarely,Sometimes,Rarely,Sometimes,Never,Sometimes,Often,Sometimes,Rarely,Rarely,"Time is a big factor since i work in a small company and teams change, not to mention people change with time as well. Also, based on the project and the clients, the experience of working in the same team can also change.","The survey is much shorter this time and hence I completed it haha. All in all, many appropriate questions were asked."
22,IT,15,Yes,No,No,No,No,Yes,No,,No,No,Yes,Yes,No,"Part plan-driven, part agile",,No,Often,Often,Sometimes,Sometimes,Never,Sometimes,Prefer,Prefer,Neither prefer nor disprefer,Neither prefer nor disprefer,Neither prefer nor disprefer,Prefer,Neither successful nor unsuccessful,Neither satisfied nor dissatisfied,,,,,No,Sometimes,Rarely,Rarely,Rarely,Often,Often,Sometimes,Often,Sometimes,Rarely,Often,Often,Often,Very Often,Often,Often,Sometimes,Often,Never,Often,Sometimes,Often,Sometimes,Very Often,Very Often,Often,Often,Often,-,-
23,statistical process control,19,Yes,No,No,Yes,Yes,Yes,No,,No,No,Yes,Yes,No,Rather agile,,No,Sometimes,Very Often,Rarely,Very Often,Never,Often,Prefer,Prefer,Neither prefer nor disprefer,Strongly prefer,Strongly disprefer,Strongly prefer,Successful,Neither satisfied nor dissatisfied,,,,,Yes,Rarely,Rarely,Often,Sometimes,Never,Sometimes,Sometimes,Rarely,Never,Sometimes,Sometimes,Rarely,Rarely,Rarely,Often,Sometimes,Sometimes,Rarely,Rarely,Sometimes,Often,Sometimes,Sometimes,Sometimes,Often,Often,Rarely,Sometimes,working completely from remote makes it impossible to look into the face of a colleague before starting communication explicitely,
24,Real Estate Management Software,1,Yes,No,No,No,No,No,No,,No,No,No,No,No,Rather plan-driven,,Yes,Often,Very Often,Sometimes,Never,Never,Often,Prefer,Prefer,Prefer,Strongly disprefer,Disprefer,Strongly prefer,Successful,Neither satisfied nor dissatisfied,,,,,Yes,Sometimes,Sometimes,Never,Often,Rarely,Sometimes,Rarely,Often,Never,Sometimes,Sometimes,Rarely,Rarely,Sometimes,Rarely,Sometimes,Often,Rarely,Never,Rarely,Rarely,Rarely,Rarely,Sometimes,Rarely,Often,Sometimes,Sometimes,,
28,Development of an ATS,6,Yes,No,No,Yes,No,No,No,,No,Yes,Yes,Yes,No,Rather plan-driven,,No,Sometimes,Very Often,Often,Rarely,Never,Often,Neither prefer nor disprefer,Prefer,Prefer,Strongly prefer,Neither prefer nor disprefer,Strongly prefer,Successful,Neither satisfied nor dissatisfied,,,,,No,Rarely,Sometimes,Never,Rarely,Rarely,Rarely,Never,Often,Never,Never,Rarely,Sometimes,Rarely,Never,Never,Never,Rarely,Often,Never,Rarely,Rarely,Never,Rarely,Very Often,Often,Never,Rarely,Rarely,,
30,Energy and Telecommunications,30,Yes,Yes,No,No,No,Yes,No,,No,No,Yes,Yes,Yes,"Part plan-driven, part agile",,Yes,Often,Very Often,Very Often,Sometimes,Never,Sometimes,Neither prefer nor disprefer,Prefer,Strongly prefer,Neither prefer nor disprefer,Neither prefer nor disprefer,Strongly prefer,Successful,Neither satisfied nor dissatisfied,,,,,Yes,Often,Never,Never,Sometimes,Rarely,Sometimes,Often,Sometimes,Rarely,Never,Rarely,Sometimes,Sometimes,Rarely,Rarely,Rarely,Never,Rarely,Never,Rarely,Rarely,Very Often,Sometimes,Very Often,Often,Rarely,Rarely,Rarely,,
31,Automotive,15,Yes,No,Yes,No,No,No,No,,No,Yes,Yes,Yes,Yes,"Part plan-driven, part agile",,No,Very Often,Very Often,Very Often,Very Often,Never,Often,Strongly prefer,Strongly prefer,Prefer,Prefer,Neither prefer nor disprefer,Strongly prefer,Very successful,Very satisfied,,We use the latest tools available and regularly align on the way we will use them. ,,"The result is a functional team. Without successful communication, there is no SW team. ",No,Rarely,Rarely,Never,Never,Rarely,Rarely,Never,Sometimes,Rarely,Rarely,Rarely,Rarely,Sometimes,Never,Never,Rarely,Rarely,Rarely,Never,Rarely,Never,Rarely,Never,Rarely,Rarely,Sometimes,Never,Sometimes,I like to relax in the coffee corner with my colleagues when in the office. When we communicate over different tools it is usually just about work.,"Some of the questions look like they were translated from German to English. I have not heard that any SW team uses VR tools so far. My team is working in the home office due to the Corona situation, but even when in the office we used the same tools. Some questions suggest that the tools are used differently when in-home office which is not the case. "
32,Fintech and privacy tech,5,No,Yes,Yes,Yes,No,No,Yes,,No,Yes,No,Yes,No,"Part plan-driven, part agile",,No,Rarely,Very Often,Very Often,Very Often,Never,Never,Disprefer,Neither prefer nor disprefer,Strongly prefer,Strongly prefer,Neither prefer nor disprefer,Strongly prefer,Neither successful nor unsuccessful,Dissatisfied,My offsure team native language is not english only half of the team speaks english. I work as a product owner and the meetings always takes so long every critical aspect needs to be translated to the team native language. Sometimes I feel really like lost in translation. ,,I think it is not team fault its the setup we have they should have a PO that knows direclty their native language. ,,No,Sometimes,Rarely,Never,Rarely,Often,Often,Sometimes,Often,Never,Sometimes,Often,Sometimes,Often,Never,Sometimes,Often,Rarely,Often,Never,Sometimes,Often,Sometimes,Sometimes,Sometimes,Sometimes,Sometimes,Sometimes,Often,We have one developer that has a superhero complex. He has issues not being a team player which makes it hard to communicate with or reason with as a product owner. ,
33,Mobile application Developing,3,Yes,No,No,No,No,No,No,,No,No,Yes,No,No,"Part plan-driven, part agile",,No,Sometimes,Very Often,Very Often,Often,Never,Sometimes,Neither prefer nor disprefer,Strongly prefer,Strongly prefer,Disprefer,Neither prefer nor disprefer,Prefer,Successful,Satisfied,,,,,Yes,Rarely,Sometimes,Never,Sometimes,Sometimes,Sometimes,Sometimes,Rarely,Rarely,Never,Sometimes,Often,Rarely,Sometimes,Often,Sometimes,Sometimes,Sometimes,Never,Sometimes,Sometimes,Sometimes,Often,Often,Often,Often,Sometimes,Sometimes,,
34,Consulting,1.5,Yes,No,No,No,No,No,No,UX/UI Designer,No,No,Yes,Yes,Yes,Very agile,,No,Never,Very Often,Never,Very Often,Never,Rarely,Neither prefer nor disprefer,Disprefer,Prefer,Strongly prefer,Neither prefer nor disprefer,Prefer,Successful,Satisfied,,"Video+Audio calls are established within the company culture. Issues where not that much communication is needed, are usually solved by chat. ",,No major impact after everyone changed to working from home. ,No,Rarely,Never,Never,Often,Never,Rarely,Never,Never,Sometimes,Never,Sometimes,Never,Never,Rarely,Sometimes,Rarely,Never,Rarely,Never,Never,Never,Never,Sometimes,Rarely,Rarely,Rarely,Rarely,Often,The team worked together in the native language and then needed to adapt to speak English. This resulted in communication difficulties for certain team members. ,
38,Marketing,8,Yes,No,No,No,No,Yes,No,,No,Yes,Yes,Yes,No,"Part plan-driven, part agile",,No,Very Often,Very Often,Often,Rarely,Never,Sometimes,Prefer,Strongly prefer,Strongly prefer,Neither prefer nor disprefer,Neither prefer nor disprefer,Prefer,Successful,Neither satisfied nor dissatisfied,,,,,Yes,Rarely,Never,Rarely,Sometimes,Often,Sometimes,Often,Often,Never,Never,Often,Often,Sometimes,Sometimes,Rarely,Rarely,Sometimes,Sometimes,Never,Often,Never,Very Often,Very Often,Often,Often,Sometimes,Rarely,Rarely,,
39,travel,12,Yes,No,No,No,No,Yes,No,Team Lead,No,Yes,Yes,Yes,,Very agile,,No,Sometimes,Very Often,Sometimes,Sometimes,Never,Sometimes,Neither prefer nor disprefer,Strongly prefer,Neither prefer nor disprefer,Strongly prefer,Neither prefer nor disprefer,Strongly prefer,Very successful,Satisfied,,,,,No,Never,Never,Never,Never,Never,Never,Never,Never,Never,Never,Never,Never,Never,Never,Never,Never,Never,Never,Never,Never,Never,Never,Never,Sometimes,Sometimes,Sometimes,Rarely,Rarely,,
40,Automotive,20,No,No,No,No,No,Yes,No,,No,Yes,Yes,Yes,Yes,Rather agile,,No,Often,Very Often,Sometimes,Sometimes,Never,Sometimes,Neither prefer nor disprefer,Strongly prefer,Neither prefer nor disprefer,Prefer,Strongly disprefer,Prefer,Successful,Satisfied,,"We use Slack for chat, spontaneous or scheduled video confs on Hangout for discussions. We write concepts into Confluence/Slides and track issues in JIRA in an agile setup. In person meetings are mostly socialising and less deep discussions. We use github for central development and code sharing (or Gitlab), with customers.",,"As an architect there is more overhead as you cannot just walk into someone's office and discuss concepts. So you need to write concepts first and propose them (e.g. using process like PEP from Python). You need to think more strategically to whom, when to share information to get a concept though. Also you need to plan your time and the other person's time. You can not expect someone else has time, they might be just busy with other things.",No,Rarely,Rarely,Never,Rarely,Sometimes,Sometimes,Rarely,Sometimes,Rarely,Rarely,Sometimes,Rarely,Sometimes,Rarely,Never,Rarely,Rarely,Sometimes,Never,Sometimes,Rarely,Sometimes,Rarely,Often,Often,Rarely,Rarely,Never,Lack of human socialising. See https://about.gitlab.com/company/culture/all-remote/informal-communication/,"Async text based tools are also ""JIRA issues"""
41,Sports,19,Yes,No,No,No,No,Yes,No,,No,Yes,Yes,Yes,No,Rather agile,,No,Often,Very Often,Sometimes,Often,Rarely,Rarely,Prefer,Strongly prefer,Disprefer,Prefer,Disprefer,Neither prefer nor disprefer,Successful,Neither satisfied nor dissatisfied,,,,,No,Often,Sometimes,Often,Often,Sometimes,Often,Rarely,Sometimes,Rarely,Rarely,Sometimes,Sometimes,Often,Rarely,Very Often,Sometimes,Sometimes,Rarely,Rarely,Sometimes,Sometimes,Rarely,Rarely,Sometimes,Sometimes,Rarely,Sometimes,Rarely,,
42,Logistics,8,Yes,No,No,No,No,No,No,,Yes,Yes,No,Yes,Yes,"Part plan-driven, part agile",,No,Often,Very Often,Sometimes,Often,Never,Sometimes,Neither prefer nor disprefer,Strongly prefer,Neither prefer nor disprefer,Prefer,Neither prefer nor disprefer,Prefer,Successful,Satisfied,,Slack for everything,,Always being aligned as a team,Yes,Sometimes,Sometimes,Sometimes,Sometimes,Often,Sometimes,Rarely,Sometimes,Rarely,Rarely,Rarely,Rarely,Rarely,Rarely,Rarely,Rarely,Rarely,Rarely,Never,Rarely,Rarely,Rarely,Rarely,Sometimes,Sometimes,Rarely,Sometimes,Rarely,,
43,Banking,7,Yes,No,No,No,No,No,No,,No,,No,No,No,Rather agile,,No,Often,Very Often,Rarely,Rarely,Rarely,Rarely,Strongly prefer,Strongly prefer,Disprefer,Disprefer,Disprefer,Prefer,Successful,Neither satisfied nor dissatisfied,,,,,No,Sometimes,Sometimes,Often,Often,Very Often,Very Often,Very Often,Often,Sometimes,Very Often,Very Often,Often,Very Often,Often,Very Often,Very Often,Very Often,Very Often,Often,Very Often,Very Often,Very Often,Often,Very Often,Very Often,Very Often,Very Often,Very Often,,
46,E-commerce,13,Yes,No,No,No,No,No,No,Tech Lead,No,No,Yes,Yes,No,Rather agile,,No,Very Often,Often,Sometimes,Often,Never,Sometimes,Strongly prefer,Strongly prefer,Strongly prefer,Strongly prefer,Neither prefer nor disprefer,Disprefer,Successful,Satisfied,,"Communication platforms are standardised across the company so meetings, trainings, alerting and casual meetups are easily accessible and fully understood by the users in our teams. Departments, teams, and channels help organise the employees but doesn't create silos (no permissions to access/post in different groups). We notify each other within the team as if we were in the same office for example small breaks day start and day end, we also sing birthdays for team members and organise coffee breaks for casual talks or events like a virtual Octoberfest :) ",,"We track changes in team communication and since we moved to full remote the communication indicators went up by almost 10% across the board. Other indicators followed suite, trust between team members and collaboration as well as satisfaction stress levels and workplace happiness. Delivery and quality went up as a result.",Yes,Never,Rarely,Never,Sometimes,Rarely,Never,Never,Rarely,Rarely,Never,Rarely,Never,Rarely,Never,Rarely,Never,Never,Rarely,Never,Never,Never,Rarely,Rarely,Sometimes,Sometimes,Sometimes,Rarely,Rarely,,
47,High Technology,7,Yes,No,No,Yes,No,Yes,No,,No,No,No,Yes,No,Rather agile,,No,Often,Often,Often,Often,Never,Sometimes,Neither prefer nor disprefer,Prefer,Prefer,Neither prefer nor disprefer,Strongly disprefer,Strongly prefer,Very successful,Very satisfied,,"By actively working around COVID restrictions via Webex and e-mail, plus platforms to manage tasks and commits.",,Fluid development process with few questions left unanswered.,Yes,Rarely,Sometimes,Never,Rarely,Rarely,Never,Never,Never,Never,Never,Rarely,Never,Never,Never,Sometimes,Rarely,Never,Never,Never,Never,Never,Never,Never,Never,Rarely,Sometimes,Never,Never,,"Only that I've been at my current job since October this year, so my answers were given with that in mind."
48,Startup under NDA,15,Yes,No,No,No,No,No,No,,No,No,Yes,Yes,No,Rather agile,,No,Sometimes,Often,Often,Often,Never,Sometimes,Prefer,Prefer,Prefer,Prefer,Neither prefer nor disprefer,Prefer,Neither successful nor unsuccessful,Neither satisfied nor dissatisfied,,,,,Yes,Rarely,Rarely,Rarely,Sometimes,Often,Rarely,Sometimes,Sometimes,Rarely,Rarely,Rarely,Sometimes,Often,Sometimes,Sometimes,Rarely,Rarely,Rarely,Never,Rarely,Rarely,Rarely,Sometimes,Rarely,Sometimes,Rarely,Rarely,Sometimes,,
50,Finance/ecom,12,No,Yes,No,No,No,No,No,,No,No,Yes,Yes,No,"Part plan-driven, part agile",,No,Rarely,Very Often,Sometimes,Very Often,Never,Sometimes,Neither prefer nor disprefer,Neither prefer nor disprefer,Disprefer,Strongly prefer,Neither prefer nor disprefer,Strongly prefer,Successful,Neither satisfied nor dissatisfied,,,,,No,Sometimes,Sometimes,Sometimes,Sometimes,Sometimes,Rarely,Sometimes,Sometimes,Rarely,Rarely,Rarely,Rarely,Rarely,Very Often,Sometimes,Rarely,Often,Sometimes,Never,Often,Rarely,Sometimes,Rarely,Sometimes,Sometimes,Rarely,Rarely,Rarely,"Several reorganizations during the year, remote shifts of products and blurry accountability/responsibilities ",
51,software development,8,Yes,No,No,No,No,No,No,,Yes,No,Yes,No,No,Rather agile,,No,Very Often,Very Often,Often,Often,Never,Never,Prefer,Strongly prefer,Neither prefer nor disprefer,Prefer,Prefer,Neither prefer nor disprefer,Very successful,Very satisfied,,"We had used it in the past too, and got used to it.",,"Great results, even from home office.",Yes,Never,Never,Never,Never,Never,Never,Never,Rarely,Never,Never,Rarely,Never,Rarely,Never,Never,Never,Never,Rarely,Never,Never,Never,Never,Never,Never,Rarely,Never,Never,Never,No.,"It was quite short, and made me realize we're doing great at work."
52,Websites,27,Yes,No,Yes,No,No,No,No,,No,No,No,Yes,Yes,"Part plan-driven, part agile",,No,Very Often,Rarely,Rarely,Rarely,Never,Often,Strongly prefer,Strongly prefer,Strongly disprefer,Strongly prefer,Strongly disprefer,Disprefer,Neither successful nor unsuccessful,Dissatisfied,"Before the pandemic we were regularly sent to the other team's location for meetings that could have been done as videoconferences.  During the pandemic we finally switched to videoconferences but I fear we will be sent on business trips again soon. (I answered the above questions for the time before the pandemic, as the questions didn't specify which you wanted.)",,Some team members left our company because they didn't like the regular multi-day business trips.,,Yes,Sometimes,Very Often,Sometimes,Often,Rarely,Very Often,Rarely,Very Often,Very Often,Very Often,Very Often,Often,Very Often,Very Often,Very Often,Very Often,Very Often,Very Often,Often,Very Often,Very Often,Often,Often,Sometimes,Often,Very Often,Never,Very Often,"What has happened frequently - and why I am leaving - is that the people who play foosball / smoke are involved in project discussion, whereas anyone who doesn't do both is left out and only informed afterwards of decisions.  Very top-down from the lead developer / project manager.  It is a distinct disadvantage of in-person and on-site communication that happens with those people who aren't at those informal interactions are left out.  And no, I don't plan to take up either foosball or smoking!",
53,Language services,6,Yes,Yes,Yes,No,No,No,No,,No,No,Yes,No,No,Rather plan-driven,,No,Rarely,Very Often,Sometimes,Often,Never,Rarely,Prefer,Strongly prefer,Neither prefer nor disprefer,Prefer,Strongly disprefer,Disprefer,Successful,Satisfied,,Swiftly switching to different modes of communication and/or different communication channels when and as needed.,,Less time wasted in with unnecessary meetings and getting everyone up to speed.,No,Sometimes,Rarely,Sometimes,Very Often,Very Often,Often,Very Often,Very Often,Often,Never,Often,Rarely,Often,Sometimes,Very Often,Often,Sometimes,Rarely,Rarely,Often,Sometimes,Very Often,Often,Often,Very Often,Often,Often,Very Often,,
54,Software,10,Yes,No,No,No,No,No,No,,Yes,Yes,Yes,Yes,No,"Part plan-driven, part agile",,No,Very Often,Very Often,Very Often,Very Often,Never,Rarely,Prefer,Prefer,Strongly prefer,Strongly prefer,Neither prefer nor disprefer,Neither prefer nor disprefer,Very successful,Very satisfied,,Tools and training,,"better cooperation, new possibilites like share screen and record a demo during a call",No,Never,Never,Never,Sometimes,Rarely,Rarely,Never,Never,Rarely,Never,Rarely,Never,Sometimes,Never,Never,Never,Never,Never,Never,Rarely,Never,Rarely,Never,Sometimes,Sometimes,Rarely,Never,Rarely,New ways of Project Management more result driven and date/time goals than time recording.,
57,software dev,6,Yes,No,No,No,No,No,No,,No,No,Yes,No,No,Rather agile,,Yes,Sometimes,Very Often,Very Often,Rarely,Never,Rarely,Neither prefer nor disprefer,Strongly prefer,Strongly prefer,Strongly prefer,Strongly disprefer,Prefer,Successful,Satisfied,,open communication,,few misunderstandings,Yes,Never,Rarely,Never,Never,Never,Never,Often,Rarely,Never,Never,Rarely,Sometimes,Sometimes,Rarely,Rarely,Never,Never,Never,Never,Rarely,Never,Rarely,Never,Sometimes,Often,Rarely,Never,Never,,
58,e-commerce,10,Yes,No,No,No,No,No,No,,No,No,No,No,No,Very agile,,No,Never,Very Often,Sometimes,Sometimes,Never,Very Often,Strongly disprefer,Strongly prefer,Strongly prefer,Strongly prefer,Strongly disprefer,Strongly prefer,Very successful,Very satisfied,,,,,Yes,Rarely,Never,Never,Rarely,Sometimes,Sometimes,Sometimes,Rarely,Rarely,Rarely,Rarely,Never,Rarely,Sometimes,Rarely,Never,Rarely,Never,Never,Rarely,Never,Never,Never,Never,Never,Rarely,Never,Never,,
62,test engineer ,8,No,No,No,Yes,No,No,No,,Yes,Yes,Yes,Yes,,"Part plan-driven, part agile",,No,Often,Very Often,Never,Very Often,Very Often,Rarely,Disprefer,Neither prefer nor disprefer,Neither prefer nor disprefer,Strongly prefer,Strongly prefer,Prefer,Successful,Satisfied,,,,,Yes,Sometimes,Sometimes,Sometimes,Sometimes,Sometimes,Sometimes,Often,Sometimes,Rarely,Sometimes,Rarely,Often,Often,Sometimes,Often,Very Often,Often,Rarely,Often,Very Often,Rarely,Often,Sometimes,Often,Often,Often,Often,Often,,
64,Services,20,Yes,No,No,Yes,Yes,Yes,No,DevSecOps,No,Yes,Yes,No,Yes,Rather agile,,No,Sometimes,Very Often,Often,Often,Never,Rarely,Disprefer,Prefer,Prefer,Prefer,Disprefer,Neither prefer nor disprefer,Neither successful nor unsuccessful,Dissatisfied,Too many tools. Communication and information are in turn scattered. There's also the wiki (Confluence) which makes it even worse.,,"We lose time whenever we need to share info, until we realise where it is. Then a bunch of tools open consuming resources of your machine, dragging it, affecting things such as docker, tests, and underlying systems",,No,Sometimes,Sometimes,Sometimes,Often,Often,Often,Rarely,Sometimes,Rarely,Sometimes,Often,Very Often,Very Often,Often,Sometimes,Sometimes,Rarely,Rarely,Rarely,Sometimes,Often,Rarely,Sometimes,Often,Often,Rarely,Sometimes,Sometimes,One big challenge is to remain motivated when the job at hand represents no real challenges. When mots of the time it's the same old set of things you've done in the past.,
68,Software/Retail,20,No,No,No,No,No,No,No,Eng. VP,No,No,Yes,No,,Rather agile,,Yes,Very Often,Very Often,Rarely,Very Often,Never,Very Often,Neither prefer nor disprefer,Prefer,Neither prefer nor disprefer,Prefer,Neither prefer nor disprefer,Strongly prefer,Successful,Satisfied,,,,,Yes,Rarely,Often,Never,Sometimes,Sometimes,Rarely,Often,Sometimes,Never,Never,Sometimes,Rarely,Sometimes,Rarely,Sometimes,Sometimes,Rarely,Rarely,Never,Rarely,Sometimes,Sometimes,Rarely,Sometimes,Rarely,Rarely,Rarely,Rarely,,
69,Log analytics and management,17,Yes,No,No,No,No,No,No,Team lead,No,Yes,Yes,Yes,No,"Part plan-driven, part agile",,Yes,Very Often,Often,Sometimes,Sometimes,Never,Rarely,Strongly prefer,Prefer,Neither prefer nor disprefer,Prefer,Disprefer,Prefer,Successful,Very satisfied,,Video calls sharing screen to emulate two or more peaople working on the same computer. Also asynchronous communication via issue tracking apps and code review tools integrated in the VCS software server.,,"I can work remotely, saving commute time and energy, thus improving all team's work/life balance. We are forced to write more, so it's easier to keep track of decisions and it enforces asynchronous over synchronous communication which improves working hours flexibility.",No,Rarely,Rarely,Never,Rarely,Sometimes,Rarely,Sometimes,Rarely,Rarely,Never,Rarely,Rarely,Sometimes,Rarely,Rarely,Rarely,Rarely,Sometimes,Never,Rarely,Rarely,Rarely,Sometimes,Sometimes,Sometimes,Rarely,Rarely,Rarely,"I haven't seen any question directly addressing giving and receiving feedback among members of the team on one-to-one communication, and I think this can be sometimes be challenging for peaople working together.",Eager to read the results and your analysis. Thank you for letting me be part of the study.
70,Car manufacture ,15,Yes,No,Yes,No,No,Yes,No,,No,No,Yes,Yes,Yes,Very agile,,Yes,Often,Often,Very Often,Sometimes,Rarely,Sometimes,Prefer,Prefer,Strongly prefer,Neither prefer nor disprefer,Prefer,Neither prefer nor disprefer,Successful,Satisfied,,,,,Yes,Rarely,Often,Rarely,Rarely,Sometimes,Rarely,Often,Sometimes,Sometimes,Rarely,Sometimes,Sometimes,Sometimes,Often,Very Often,Sometimes,Sometimes,Sometimes,Never,Sometimes,Rarely,Sometimes,Sometimes,Sometimes,Often,Sometimes,Rarely,Rarely,,
71,Hospitality,10,Yes,No,No,No,No,No,No,,No,Yes,Yes,Yes,No,Very agile,,No,Rarely,Often,Very Often,Often,Never,Rarely,Disprefer,Neither prefer nor disprefer,Strongly prefer,Prefer,Neither prefer nor disprefer,Prefer,Very successful,Very satisfied,,- Always ask questions after meetings - Send follow-up emails - Send reminders (as text or during different meetings),,- Better work environment (less communication issue) - Increased productivity,Yes,Never,Rarely,Never,Rarely,Rarely,Never,Sometimes,Rarely,Rarely,Rarely,Rarely,Rarely,Never,Rarely,Never,Never,Never,Rarely,Never,Never,Never,Never,Rarely,Rarely,Sometimes,Rarely,Rarely,Never,no,
72,Rail,15,Yes,No,Yes,Yes,No,Yes,Yes,,No,No,Yes,Yes,Yes,"Part plan-driven, part agile",,Yes,Often,Very Often,Often,Often,Rarely,Often,Prefer,Prefer,Prefer,Prefer,Neither prefer nor disprefer,Prefer,Successful,Satisfied,,,,,Yes,Rarely,Sometimes,Sometimes,Sometimes,Sometimes,Sometimes,Sometimes,Sometimes,Often,Rarely,Sometimes,Rarely,Sometimes,Rarely,Sometimes,Rarely,Rarely,Rarely,Never,Sometimes,Rarely,Often,Rarely,Sometimes,Sometimes,Sometimes,Sometimes,Rarely,,
73,FIntech,1,Yes,No,No,No,No,No,No,,No,No,No,No,No,,,No,Rarely,Often,Sometimes,Sometimes,Never,Rarely,Neither prefer nor disprefer,Prefer,Prefer,Prefer,Neither prefer nor disprefer,Neither prefer nor disprefer,Unsuccessful,Very dissatisfied,,,,,No,Very Often,Sometimes,Rarely,Sometimes,Sometimes,Very Often,Very Often,Very Often,Often,Often,Often,Sometimes,Very Often,Often,Very Often,Very Often,Sometimes,Very Often,Rarely,Very Often,Rarely,Often,Sometimes,Very Often,Very Often,Very Often,Never,Sometimes,,
74,digital health,8,Yes,No,No,No,No,Yes,No,,No,No,Yes,Yes,,Rather agile,,No,Often,Very Often,Very Often,Very Often,Never,Rarely,Prefer,Prefer,Prefer,Prefer,Strongly disprefer,Strongly prefer,Successful,Very satisfied,,We use a mix of audio and the video calls to discuss different topics and keep in sync. ,,,No,Never,Sometimes,Never,Never,Never,Never,Never,Never,Never,Never,Never,Never,Never,Never,Never,Never,Never,Never,Never,Never,Never,Rarely,Never,Never,Rarely,Rarely,Never,Never,,
76,Banking,18,Yes,No,No,No,No,Yes,No,DevOps,No,No,Yes,No,Yes,Rather agile,,Yes,Sometimes,Very Often,Very Often,Sometimes,Never,Sometimes,Neither prefer nor disprefer,Prefer,Prefer,Neither prefer nor disprefer,Neither prefer nor disprefer,Prefer,Successful,Neither satisfied nor dissatisfied,,,,,Yes,Rarely,Never,Sometimes,Rarely,Rarely,Rarely,Never,Rarely,Never,Rarely,Sometimes,Sometimes,Sometimes,Rarely,Rarely,Rarely,Rarely,Sometimes,Rarely,Rarely,Rarely,Sometimes,Sometimes,Very Often,Often,Sometimes,Rarely,Rarely,,
78,telecom,25,No,Yes,No,No,No,No,No,,No,Yes,Yes,Yes,No,"Part plan-driven, part agile",,No,Very Often,Very Often,Often,Rarely,Never,Sometimes,Strongly prefer,Strongly prefer,Prefer,Neither prefer nor disprefer,Strongly disprefer,Neither prefer nor disprefer,Successful,Very satisfied,,,,,No,Sometimes,Often,Sometimes,Sometimes,Rarely,Never,Never,Often,Never,Rarely,Sometimes,Often,Never,Never,Very Often,Sometimes,Never,Rarely,Never,Sometimes,Never,Often,Often,Sometimes,Often,Rarely,Often,Sometimes,,
79,Commerce,3,Yes,No,No,No,No,No,No,,Yes,Yes,Yes,Yes,,Rather plan-driven,,Yes,Sometimes,Often,Rarely,Sometimes,Never,Never,Strongly prefer,Strongly disprefer,Neither prefer nor disprefer,Prefer,Strongly disprefer,Strongly prefer,Unsuccessful,Dissatisfied,Not writing enough text,,The critical path for projects becomes very long. Concurrent work becomes unlikely.,,No,Often,Often,Rarely,Rarely,Sometimes,Often,Rarely,Very Often,Rarely,Sometimes,Very Often,Often,Very Often,Very Often,Very Often,Often,Sometimes,Sometimes,Never,Very Often,Very Often,Sometimes,Often,Often,Very Often,Rarely,Rarely,Often,,
81,Data Management,2,Yes,No,No,No,No,No,No,,No,Yes,Yes,Yes,Yes,Very plan-driven,,Yes,Very Often,Often,Sometimes,Often,Never,Rarely,Neither prefer nor disprefer,Prefer,Strongly disprefer,Strongly prefer,Disprefer,Prefer,Successful,Satisfied,,,,,Yes,Rarely,Rarely,Never,Sometimes,Rarely,Rarely,Never,Rarely,Never,Never,Rarely,Never,Never,Rarely,Rarely,Sometimes,Never,Never,Rarely,Rarely,Never,Rarely,Rarely,Rarely,Rarely,Rarely,Rarely,Rarely,,
85,IT Services,10,Yes,Yes,Yes,No,No,Yes,Yes,,No,No,Yes,Yes,Yes,Rather agile,,No,Sometimes,Very Often,Sometimes,Very Often,Rarely,Rarely,Strongly disprefer,Prefer,Disprefer,Prefer,Prefer,Neither prefer nor disprefer,Successful,Satisfied,,,,,No,Rarely,Sometimes,Sometimes,Sometimes,Rarely,Rarely,Sometimes,Sometimes,Rarely,Rarely,Rarely,Rarely,Rarely,Sometimes,Sometimes,Rarely,Rarely,Sometimes,Rarely,Rarely,Rarely,Rarely,Sometimes,Rarely,Sometimes,Rarely,Sometimes,Sometimes,,
88,software engineer,3,Yes,No,No,No,No,No,No,,Yes,Yes,Yes,Yes,No,"Part plan-driven, part agile",,No,Sometimes,Very Often,Very Often,Very Often,Very Often,Rarely,Prefer,Prefer,Prefer,Prefer,Prefer,Prefer,Successful,Satisfied,,,,,No,Rarely,Rarely,Rarely,Rarely,Rarely,Rarely,Rarely,Rarely,Rarely,Rarely,Rarely,Rarely,Rarely,Rarely,Rarely,Rarely,Rarely,Rarely,Rarely,Rarely,Rarely,Rarely,Sometimes,Sometimes,Sometimes,Sometimes,Rarely,Rarely,,
89,Banking,15,Yes,No,No,Yes,Yes,Yes,Yes,Engineering Coach,Yes,Yes,Yes,No,No,"Part plan-driven, part agile",,No,Often,Often,Rarely,Rarely,Rarely,Rarely,Disprefer,Prefer,Neither prefer nor disprefer,Strongly prefer,Prefer,Neither prefer nor disprefer,Unsuccessful,Neither satisfied nor dissatisfied,,,,,Yes,Very Often,Very Often,Often,Very Often,Rarely,Often,Very Often,Very Often,Often,Sometimes,Often,Often,Very Often,Very Often,Rarely,Often,Often,Very Often,Rarely,Rarely,Sometimes,Sometimes,Sometimes,Very Often,Very Often,Often,Rarely,Often,,
93,HR,4,Yes,No,No,No,No,Yes,Yes,,No,No,No,Yes,No,"Part plan-driven, part agile",,No,Never,Very Often,Never,Never,Never,Very Often,Strongly disprefer,Strongly prefer,Strongly disprefer,Strongly disprefer,Strongly disprefer,Strongly prefer,Very successful,Very satisfied,,,,,No,Rarely,Never,Rarely,Rarely,Rarely,Never,Never,Rarely,Never,Never,Never,Rarely,Never,Never,Rarely,Sometimes,Rarely,Never,Never,Never,Never,Never,Never,Never,Rarely,Never,Sometimes,Never,,
94,Process Mining,5,Yes,No,No,No,No,Yes,No,,No,No,Yes,Yes,No,Very agile,,No,Rarely,Very Often,Sometimes,Sometimes,Never,Often,Neither prefer nor disprefer,Strongly prefer,Prefer,Prefer,Strongly disprefer,Prefer,Very unsuccessful,Satisfied,,Always available for each other which would not be the case if we are commuting to work every day.,,,Yes,Sometimes,Rarely,Sometimes,Never,Sometimes,Never,Often,Often,Sometimes,Rarely,Rarely,Rarely,Sometimes,Rarely,Often,Sometimes,Rarely,Never,Never,Never,Never,Never,Never,Sometimes,Sometimes,Very Often,Often,Sometimes,- More Working hours than expected  - underestimate tasks - quick chatting rather than talk in person ,
95,Versicherung,4,Yes,No,No,No,No,No,No,Scrum Master,No,,Yes,Yes,Yes,Very agile,,Yes,Rarely,Very Often,Very Often,Rarely,Rarely,Rarely,Disprefer,Prefer,Prefer,Disprefer,Neither prefer nor disprefer,Prefer,Successful,Satisfied,,,,,Yes,Rarely,Never,Never,Rarely,Rarely,Never,Rarely,Rarely,Rarely,Never,Rarely,Never,Never,Never,Rarely,Never,Rarely,Never,Never,Never,Never,Never,Never,Sometimes,Never,Rarely,Never,Rarely,,
97,Messaging services,6,Yes,No,No,No,No,No,No,,No,No,Yes,No,No,Rather agile,,No,Rarely,Often,Rarely,Often,Never,Rarely,Neither prefer nor disprefer,Prefer,Neither prefer nor disprefer,Prefer,Strongly disprefer,Strongly prefer,Successful,Neither satisfied nor dissatisfied,,,,,Yes,Rarely,Rarely,Rarely,Sometimes,Rarely,Sometimes,Rarely,Sometimes,Never,Rarely,Sometimes,Rarely,Often,Rarely,Sometimes,Rarely,Rarely,Rarely,Never,Rarely,Rarely,Often,Sometimes,Sometimes,Often,Rarely,Rarely,Sometimes,It's very hard to read tone in text messages. There are often exchanges where we have to get in a 1:1 just to clarify that what we wrote was not meant in a hostile way.,Very big difference due to pandemic for us. 
98,software engineering,9,Yes,No,No,No,No,Yes,No,,No,No,Yes,Yes,Yes,"Part plan-driven, part agile",,No,Very Often,Very Often,Very Often,Very Often,Never,Rarely,Strongly prefer,Strongly prefer,Neither prefer nor disprefer,Strongly prefer,Neither prefer nor disprefer,Strongly prefer,Successful,Satisfied,,By daily syncs and sharing information about the projects that we work on.,,"Faster knowledge sharing, better quality products and increased development speed.",Yes,Often,Sometimes,Often,Sometimes,Sometimes,Sometimes,Sometimes,Very Often,Often,Sometimes,Very Often,Sometimes,Very Often,Often,Often,Very Often,Rarely,Often,Rarely,Very Often,Often,Often,Very Often,Very Often,Very Often,Very Often,Rarely,Often,,
101,Banking ,16,No,No,Yes,No,Yes,No,No,,No,Yes,No,Yes,Yes,"Part plan-driven, part agile",,No,Very Often,Very Often,Very Often,Often,Often,Sometimes,Prefer,Prefer,Prefer,Neither prefer nor disprefer,Neither prefer nor disprefer,Prefer,Successful,Satisfied,,,,,No,Rarely,Rarely,Sometimes,Sometimes,Sometimes,Rarely,Sometimes,Sometimes,Rarely,Rarely,Rarely,Rarely,Sometimes,Sometimes,Rarely,Rarely,Rarely,Rarely,Rarely,Rarely,Rarely,Rarely,Rarely,Rarely,Sometimes,Sometimes,Sometimes,Rarely,,
102,Web development,7,Yes,No,No,No,No,Yes,No,,No,No,No,No,No,Rather plan-driven,,Yes,Very Often,Sometimes,Rarely,Rarely,Never,Very Often,Neither prefer nor disprefer,Prefer,Disprefer,Disprefer,Strongly disprefer,Strongly prefer,Successful,Neither satisfied nor dissatisfied,,,,,No,Never,Sometimes,Never,Sometimes,Sometimes,Sometimes,Often,Sometimes,Never,Never,Rarely,Never,Rarely,Never,Never,Never,Never,Rarely,Never,Never,Never,Never,Never,Never,Never,Very Often,Never,Rarely,,
104,IT,3,Yes,No,No,Yes,No,No,No,,No,Yes,Yes,Yes,Yes,Very agile,,No,Very Often,Very Often,Very Often,Very Often,Never,Rarely,Neither prefer nor disprefer,Strongly prefer,Strongly prefer,Strongly prefer,Disprefer,Strongly prefer,Very successful,Very satisfied,,,,,No,Never,Never,Rarely,Sometimes,Sometimes,Rarely,Rarely,Rarely,Never,Rarely,Sometimes,Rarely,Never,Sometimes,Never,Never,Rarely,Never,Never,Never,Never,Never,Rarely,Rarely,Rarely,Rarely,Never,Never,,
105,,5,Yes,No,No,No,No,No,No,,No,No,Yes,No,No,Rather agile,,No,Rarely,Very Often,Often,Very Often,Never,Rarely,Neither prefer nor disprefer,Strongly prefer,Neither prefer nor disprefer,Prefer,Neither prefer nor disprefer,Strongly prefer,Very successful,Satisfied,,,,,Yes,Rarely,Never,Never,Rarely,Rarely,Never,Rarely,Sometimes,Rarely,Sometimes,Rarely,Rarely,Rarely,Sometimes,Never,Rarely,Sometimes,Rarely,Rarely,Never,Never,Rarely,Never,Sometimes,Sometimes,Rarely,Sometimes,Rarely,Social interaction during COVID-19 homeoffice Situation -> created virtual coffee breaks to allow casual talks and not having only goal oriented focussed meetings,
106,Payments Services,15,Yes,No,No,No,No,Yes,No,,No,No,Yes,No,Yes,Very agile,,No,Rarely,Very Often,Sometimes,Sometimes,Never,Sometimes,Prefer,Strongly prefer,Neither prefer nor disprefer,Neither prefer nor disprefer,Prefer,Prefer,Successful,Satisfied,,,,,Yes,Never,Never,Never,Never,Rarely,Rarely,Never,Rarely,Never,Rarely,Rarely,Never,Rarely,Rarely,Sometimes,Rarely,Sometimes,Never,Rarely,Sometimes,Sometimes,Often,Sometimes,Often,Often,Rarely,Rarely,Rarely,,
107,cross domain (cloud based enterprise software for any businesses),4,Yes,No,No,Yes,No,No,Yes,,No,Yes,Yes,Yes,Yes,"Part plan-driven, part agile",,No,Rarely,Very Often,Often,Often,Never,Sometimes,Disprefer,Prefer,Prefer,Strongly prefer,Neither prefer nor disprefer,Neither prefer nor disprefer,Successful,Dissatisfied,"In remote communication, they don't or can't use drawing, illustration etc on a white board",,Slow and inefficient communication and understanding of the problem,,Yes,Sometimes,Rarely,Often,Sometimes,Rarely,Sometimes,Sometimes,Rarely,Often,Rarely,Often,Often,Often,Sometimes,Sometimes,Sometimes,Rarely,Sometimes,Never,Often,Sometimes,Rarely,Sometimes,Often,Often,Sometimes,Rarely,Often,,was a bit lengthy
108,E-commerce ,1.5,Yes,No,No,No,No,No,No,,No,,No,No,Yes,"Part plan-driven, part agile",,No,Very Often,Often,Sometimes,Sometimes,Sometimes,Often,Neither prefer nor disprefer,Prefer,Prefer,Prefer,Prefer,Strongly prefer,Successful,Satisfied,,We use all the best softwares and they are very simple to communicate - once you get used to!,,Better organization and task understandingz,No,Sometimes,Rarely,Sometimes,Sometimes,Sometimes,Often,Rarely,Sometimes,Rarely,Rarely,Rarely,Rarely,Sometimes,Sometimes,Often,Sometimes,Sometimes,Sometimes,Never,Rarely,Sometimes,Sometimes,Sometimes,Sometimes,Often,Sometimes,Sometimes,Sometimes,,
109,Energy,10,Yes,No,No,No,No,Yes,No,,No,No,Yes,Yes,Yes,Rather agile,,Yes,Very Often,Sometimes,Very Often,Very Often,Never,Rarely,Prefer,Disprefer,Strongly prefer,Strongly prefer,Neither prefer nor disprefer,Neither prefer nor disprefer,Very successful,Satisfied,,We were forced during Corona Pandemia to work from home and needed to change meeting culture.,,"Telco Calls with more then 3 Participants are normal now, it does not make a difference if you're working from home or onsite as all meetings are on Communnication Technology.",Yes,Sometimes,Rarely,Never,Sometimes,Often,Sometimes,Rarely,Very Often,Rarely,Never,Sometimes,Often,Often,Sometimes,Sometimes,Sometimes,Rarely,Often,Never,Very Often,Often,Often,Sometimes,Often,Often,Sometimes,Very Often,Very Often,,
110,Business intelligence,4,Yes,No,No,No,No,No,No,,No,Yes,Yes,No,,"Part plan-driven, part agile",,Yes,Sometimes,Often,Sometimes,Rarely,Never,Often,Prefer,Prefer,Prefer,Disprefer,Neither prefer nor disprefer,Strongly prefer,Successful,Satisfied,,"Keeping communication, coordination and everything running even with Corona-induced social, physical distance.",,"Especially exchange of knowledge is beingt kept up. Smaller hurdles for asking questions due to the various means of communications that enable us to ask urgently, unobstrusive, publicly, in natural or written language.",Yes,Rarely,Rarely,Never,Rarely,Rarely,Rarely,Rarely,Rarely,Never,Sometimes,Sometimes,Rarely,Rarely,Never,Rarely,Rarely,Rarely,Rarely,Never,Rarely,Never,Rarely,Rarely,Sometimes,Rarely,Rarely,Never,Rarely,,"- I might have not fully grasped the aim of the ""leveraging communication technologies"" questions... the answer mainly reflects the point of view ""Covid came, now we're using new technologies more than before and it works better than expected"". - I'm working in a very small company (6 regulars and some students), so maybe communication problems and other human conflicts are not that prevalent in here!"
112,automotive ,20,No,No,Yes,No,No,No,No,,No,No,Yes,Yes,Yes,"Part plan-driven, part agile",,Yes,Very Often,Sometimes,Often,Sometimes,Never,Rarely,Prefer,Neither prefer nor disprefer,Strongly prefer,Strongly prefer,Neither prefer nor disprefer,Strongly prefer,Neither successful nor unsuccessful,Dissatisfied,Too much ascyn communication with  stakeholders. This makes common understanding and overlapping optimization more difficult.,,"Stakeholder requirement not fully understood, unused potential for optimization between  developers and stakeholders.",,Yes,Often,Often,Often,Rarely,Rarely,Sometimes,Sometimes,Often,Rarely,Sometimes,Sometimes,Sometimes,Often,Sometimes,Sometimes,Often,Never,Rarely,Never,Rarely,Often,Sometimes,Sometimes,Sometimes,Often,Sometimes,Never,Sometimes,team is spread over various companies.,
116,Software,2,Yes,No,No,No,No,No,No,,Yes,No,Yes,Yes,No,Rather agile,,No,Often,Very Often,Very Often,Sometimes,Never,Rarely,Prefer,Strongly prefer,Strongly prefer,Prefer,Strongly disprefer,Strongly prefer,Very successful,Satisfied,,,,,Yes,Rarely,Rarely,Never,Never,Never,Never,Never,Never,Never,Never,Rarely,Rarely,Rarely,Never,Rarely,Rarely,Never,Never,Never,Never,Never,Rarely,Never,Rarely,Sometimes,Sometimes,Rarely,Rarely,,
117,Softare engineering,11,Yes,No,Yes,Yes,No,Yes,No,,No,Yes,No,Yes,No,Rather agile,,No,Sometimes,Very Often,Often,Often,Never,Sometimes,Prefer,Neither prefer nor disprefer,Neither prefer nor disprefer,Prefer,Strongly disprefer,Strongly prefer,Unsuccessful,Satisfied,,,,,No,Often,Rarely,Sometimes,Sometimes,Often,Often,Often,Very Often,Often,Rarely,Often,Often,Very Often,Often,Very Often,Sometimes,Often,Rarely,Never,Very Often,Often,Often,Often,Often,Often,Sometimes,Often,Often,,
118,Autonomous Driving,7,No,No,No,No,No,No,No,Software Engineer,No,No,Yes,Yes,,Rather agile,,No,Rarely,Very Often,Often,Often,Never,Rarely,Neither prefer nor disprefer,Prefer,Prefer,Prefer,Strongly disprefer,Neither prefer nor disprefer,Successful,Satisfied,,,,,No,Never,Never,Rarely,Sometimes,Rarely,Rarely,Sometimes,Rarely,Sometimes,Sometimes,Sometimes,Rarely,Rarely,Rarely,Rarely,Sometimes,Rarely,Rarely,Never,Never,Rarely,Often,Never,Rarely,Rarely,Rarely,Rarely,Never,,
120,Software Engineering ,8,Yes,No,No,No,No,No,No,,Yes,Yes,No,Yes,Yes,"Part plan-driven, part agile",,No,Often,Often,Often,Often,Rarely,Rarely,Prefer,Prefer,Prefer,Prefer,Neither prefer nor disprefer,Prefer,Successful,Neither satisfied nor dissatisfied,,,,,No,Often,Rarely,Never,Rarely,Rarely,Rarely,Rarely,Never,Rarely,Never,Rarely,Never,Rarely,Often,Often,Sometimes,Never,Never,Never,Rarely,Never,Sometimes,Never,Never,Sometimes,Sometimes,Never,Never,,
121,mobile robotics,6.5,Yes,No,No,No,No,No,No,,No,No,Yes,No,No,Rather agile,,No,Never,Very Often,Often,Sometimes,Never,Sometimes,Strongly disprefer,Prefer,Strongly prefer,Strongly prefer,Neither prefer nor disprefer,Strongly prefer,Successful,Satisfied,,Google meets and virtual whiteboards have been used effectively to facilitate communication,,We manage to communicate even with the remote work caused by COVID,Yes,Never,Never,Never,Never,Never,Never,Never,Never,Never,Never,Sometimes,Never,Never,Sometimes,Never,Sometimes,Never,Never,Never,Never,Never,Rarely,Never,Sometimes,Sometimes,Rarely,Sometimes,Never,,"""not applicable""/""don't know"" options might have been useful at some points"
122,Health,14,No,No,No,No,No,No,No,Head of Development ,No,No,No,Yes,No,Very agile,,Yes,Sometimes,Often,Sometimes,Very Often,Never,Often,Prefer,Prefer,Prefer,Strongly prefer,Disprefer,Strongly prefer,Successful,Very satisfied,,,,,No,Rarely,Sometimes,Never,Often,Rarely,Sometimes,Rarely,Sometimes,Sometimes,Rarely,Often,Sometimes,Sometimes,Rarely,Often,Never,Never,Rarely,Rarely,Sometimes,Rarely,Sometimes,Rarely,Sometimes,Sometimes,Rarely,Sometimes,Rarely,,
123,e-commerce,3,Yes,No,No,No,No,No,No,,No,No,No,No,No,Very agile,,No,Never,Very Often,Very Often,Sometimes,Rarely,Rarely,Disprefer,Disprefer,Disprefer,Strongly prefer,Disprefer,Strongly prefer,Very successful,Neither satisfied nor dissatisfied,,,,,Yes,Never,Rarely,Never,Rarely,Rarely,Never,Often,Never,Rarely,Never,Sometimes,Rarely,Rarely,Sometimes,Rarely,Rarely,Never,Never,Never,Never,Never,Very Often,Rarely,Sometimes,Sometimes,Often,Sometimes,Sometimes,no,no
125,Banking,7,Yes,No,No,Yes,No,No,No,,No,No,Yes,Yes,No,"Part plan-driven, part agile",,No,Rarely,Very Often,Rarely,Very Often,Never,Often,Disprefer,Strongly prefer,Strongly disprefer,Strongly prefer,Neither prefer nor disprefer,Strongly prefer,Very successful,Very satisfied,,,,,Yes,Never,Never,Never,Never,Never,Never,Never,Never,Never,Never,Rarely,Rarely,Never,Never,Never,Never,Never,Never,Never,Never,Never,Rarely,Never,Rarely,Never,Never,Never,Never,,
127,Rapid Prototyping,5,Yes,Yes,Yes,Yes,No,Yes,Yes,,No,Yes,No,No,No,"Part plan-driven, part agile",,Yes,Very Often,Very Often,Rarely,Rarely,Never,Often,Strongly prefer,Neither prefer nor disprefer,Disprefer,Disprefer,Neither prefer nor disprefer,Prefer,Very successful,Satisfied,,?,,,No,Never,Rarely,Never,Sometimes,Sometimes,Rarely,Rarely,Sometimes,Sometimes,Never,Sometimes,Sometimes,Rarely,Rarely,Rarely,Rarely,Rarely,Never,Never,Rarely,Rarely,Often,Rarely,Often,Sometimes,Sometimes,Rarely,Sometimes,,
128,"Internet, Automotive",10,Yes,No,No,No,No,Yes,No,,No,Yes,Yes,No,Yes,Very agile,,No,Sometimes,Very Often,Often,Very Often,Never,Rarely,Neither prefer nor disprefer,Strongly prefer,Prefer,Neither prefer nor disprefer,Neither prefer nor disprefer,Strongly prefer,Successful,Satisfied,,"We're using tools like Miro, Slack (with Plugins), or Zoom, which make remote work very convenient.",,"We're sticking close to the Scrum Guide, many colleagues have Scrum certifications, which plays an important role I think.",Yes,Rarely,Rarely,Never,Never,Rarely,Rarely,Sometimes,Often,Never,Never,Sometimes,Rarely,Never,Rarely,Sometimes,Often,Sometimes,Never,Never,Sometimes,Rarely,Never,Never,Sometimes,Sometimes,Rarely,Never,Never,"Currently, I would say that mainly the home office rule due to Corona is our biggest challenge, as since March almost no face to face meetings happened. Even though they are not necessary for work, it's important for growing stronger together as a team.",No
129,Tourism,1,Yes,No,No,No,No,No,No,,No,No,Yes,No,,"Part plan-driven, part agile",,No,Never,Very Often,Sometimes,Often,Never,Often,Strongly disprefer,Strongly prefer,Strongly prefer,Strongly prefer,Strongly disprefer,Strongly prefer,Very successful,Satisfied,,,,,Yes,Never,Sometimes,Never,Rarely,Rarely,Never,Never,Never,Never,Never,Rarely,Never,Never,Never,Never,Never,Never,Never,Never,Never,Never,Rarely,Never,Rarely,Rarely,Rarely,Never,Never,,
132,IT,3,Yes,No,No,No,No,No,No,,Yes,Yes,Yes,No,No,Rather agile,,No,Rarely,Very Often,Very Often,Rarely,Never,Never,Neither prefer nor disprefer,Prefer,Prefer,Disprefer,Neither prefer nor disprefer,Strongly prefer,Successful,Neither satisfied nor dissatisfied,,,,,Yes,Sometimes,Never,Sometimes,Sometimes,Very Often,Sometimes,Rarely,Often,Sometimes,Rarely,Often,Rarely,Often,Rarely,Very Often,Sometimes,Sometimes,Often,Never,Very Often,Very Often,Rarely,Very Often,Very Often,Very Often,Often,Rarely,Often,,
133,Software development for email marketing,5,Yes,No,No,Yes,No,Yes,No,,Yes,Yes,Yes,Yes,Yes,Very agile,,Yes,Never,Very Often,Often,Sometimes,Never,Never,Strongly disprefer,Strongly prefer,Prefer,Disprefer,Neither prefer nor disprefer,Strongly disprefer,Very successful,Satisfied,,By not knowing of any other approach and assuming that synchronous communication is the standard.,,That tasks get finished in a comfortable fashion.,No,Sometimes,Rarely,Rarely,Sometimes,Sometimes,Sometimes,Rarely,Sometimes,Rarely,Rarely,Often,Rarely,Sometimes,Sometimes,Rarely,Often,Rarely,Rarely,Rarely,Rarely,Rarely,Never,Rarely,Sometimes,Often,Often,Sometimes,Very Often,,
135,,4,Yes,No,No,No,No,No,No,,No,No,No,No,No,Rather agile,,No,Rarely,Very Often,Very Often,Never,Never,Often,Neither prefer nor disprefer,Prefer,Strongly prefer,Disprefer,Neither prefer nor disprefer,Strongly prefer,Successful,Satisfied,,,,,Yes,Sometimes,Rarely,Rarely,Rarely,Sometimes,Sometimes,Rarely,Sometimes,Often,Never,Sometimes,Sometimes,Sometimes,Sometimes,Often,Sometimes,Never,Never,Never,Rarely,Rarely,Rarely,Often,Sometimes,Often,Rarely,Never,Sometimes,,
136,Consulting/Innovation,17,Yes,No,No,No,No,Yes,No,"DevOps, IT",No,No,No,Yes,No,Rather agile,,No,Often,Very Often,Sometimes,Very Often,Never,Sometimes,Prefer,Neither prefer nor disprefer,Disprefer,Strongly prefer,Strongly disprefer,Prefer,Successful,Very satisfied,,,,,No,Sometimes,Sometimes,Rarely,Sometimes,Sometimes,Often,Very Often,Sometimes,Very Often,Sometimes,Sometimes,Sometimes,Often,Sometimes,Often,Sometimes,Sometimes,Sometimes,Rarely,Sometimes,Sometimes,Rarely,Sometimes,Sometimes,Sometimes,Sometimes,Rarely,Rarely,,
140,Financial Application Algorithms,6,Yes,No,No,Yes,No,Yes,No,,Yes,Yes,Yes,Yes,No,Very plan-driven,,Yes,Very Often,Very Often,Very Often,Very Often,Often,Very Often,Strongly prefer,Strongly prefer,Strongly prefer,Strongly prefer,Strongly prefer,Strongly prefer,Very successful,Very satisfied,,We make sure we have the best communication pattrens possible,,We need to have a team focused on making sure the communication channels are always up to  date and efficient,No,Never,Sometimes,Sometimes,Often,Very Often,Never,Very Often,Often,Never,Never,Often,Often,Often,Very Often,Never,Never,Never,Never,Never,Never,Never,Rarely,Rarely,Rarely,Very Often,Often,Very Often,Rarely,,
141,Software for Service Providers/Property Managers (Real Estate Management),5,No,Yes,No,No,No,No,No,,No,No,Yes,No,No,Very agile,,No,Rarely,Very Often,Rarely,Very Often,Never,Often,Disprefer,Prefer,Strongly disprefer,Prefer,Neither prefer nor disprefer,Strongly prefer,Successful,Satisfied,,,,,Yes,Never,Rarely,Rarely,Sometimes,Rarely,Rarely,Sometimes,Rarely,Rarely,Rarely,Often,Sometimes,Rarely,Sometimes,Rarely,Rarely,Rarely,Sometimes,Never,Sometimes,Rarely,Rarely,Rarely,Sometimes,Rarely,Rarely,Rarely,Sometimes,,
144,IT,2,Yes,No,No,No,No,No,No,,,,Yes,Yes,,Rather agile,,No,Very Often,Very Often,Very Often,Very Often,Never,Rarely,Prefer,Prefer,Neither prefer nor disprefer,Strongly prefer,Neither prefer nor disprefer,Strongly prefer,Very successful,Very satisfied,,,,,Yes,Rarely,Rarely,Rarely,Sometimes,Rarely,Rarely,Never,Rarely,Never,Never,Never,Never,Never,Never,Never,Rarely,Never,Never,Never,Never,Never,Sometimes,Sometimes,Rarely,Rarely,Rarely,Rarely,Rarely,,
148,Finance,9,Yes,Yes,Yes,Yes,No,Yes,No,,No,No,Yes,Yes,No,Rather agile,,No,Sometimes,Very Often,Very Often,Very Often,Never,Rarely,Strongly disprefer,Strongly prefer,Strongly prefer,Strongly prefer,Strongly disprefer,Strongly disprefer,Very successful,Very satisfied,,"we communicate as needed, if available just zoom, if not just leave a teams message.",,we focus on what matters rather on how we communicate.,No,Never,Never,Rarely,Rarely,Sometimes,Rarely,Never,Never,Rarely,Never,Rarely,Never,Never,Sometimes,Often,Never,Rarely,Never,Never,Rarely,Never,Never,Rarely,Often,Often,Rarely,Rarely,Sometimes,"How often are developers evaluated for performance. I moved to a new company on 2019, here i've had one about every 4 months... Before this in the last 8 years i only had 1 or 2 evaluations which where based on my boss perceptions.... ",Yeah your questions made me think about my team and i realised i should appreciate more my current team and position.
150,Mobility,3,No,No,No,No,No,No,No,Devops,No,Yes,Yes,Yes,Yes,Rather agile,,No,Very Often,Often,Often,Never,Never,Sometimes,Prefer,Disprefer,Prefer,Prefer,Disprefer,Strongly prefer,Successful,Satisfied,,,,,No,Sometimes,Rarely,Often,Sometimes,Often,Often,Often,Often,Rarely,Very Often,Sometimes,Often,Often,Sometimes,Very Often,Often,Sometimes,Often,Never,Rarely,Sometimes,Often,Often,Often,Often,Often,Rarely,Sometimes,,
151,IoT devices ,2,Yes,No,No,Yes,No,No,No,,No,Yes,No,No,No,"Part plan-driven, part agile",,No,Sometimes,Very Often,Very Often,Sometimes,Never,Often,Prefer,Prefer,Prefer,Neither prefer nor disprefer,Neither prefer nor disprefer,Prefer,Unsuccessful,Dissatisfied,Too many channels and repeated information flooded,,Unproductiveness,,Yes,Often,Sometimes,Rarely,Sometimes,Often,Rarely,Often,Sometimes,Sometimes,Rarely,Very Often,Often,Sometimes,Very Often,Often,Often,Rarely,Rarely,Rarely,Often,Rarely,Very Often,Sometimes,Often,Very Often,Often,Rarely,Very Often,,
153,Automotive,3,Yes,No,No,No,No,No,No,,Yes,Yes,Yes,Yes,No,Rather agile,,Yes,Often,Very Often,Very Often,Sometimes,Rarely,Sometimes,Neither prefer nor disprefer,Prefer,Strongly prefer,Prefer,Neither prefer nor disprefer,Prefer,Successful,Neither satisfied nor dissatisfied,,,,,No,Sometimes,Sometimes,Rarely,Sometimes,Rarely,Rarely,Rarely,Sometimes,Sometimes,Rarely,Sometimes,Rarely,Sometimes,Sometimes,Sometimes,Never,Rarely,Rarely,Never,Sometimes,Rarely,Very Often,Rarely,Sometimes,Sometimes,Sometimes,Sometimes,Rarely,,
154,High-precision Measurements; Numeric Controls,2,Yes,No,No,No,No,No,No,,No,No,No,No,No,Very plan-driven,,Yes,Sometimes,Sometimes,Never,Never,Never,Very Often,Neither prefer nor disprefer,Strongly prefer,Strongly prefer,Prefer,Neither prefer nor disprefer,Prefer,Successful,Very dissatisfied,there is no home office; so any communication tech other than email or Skype are not available,,"well, it has always been like that",,No,Never,Never,Never,Never,Never,Never,Never,Never,Never,Never,Rarely,Never,Never,Never,Never,Never,Never,Never,Never,Never,Never,Never,Often,Rarely,Rarely,Never,Never,Rarely,,my team consists of two people only. Please keep that in mind when evaluating the survey!
156,Logistics,8,Yes,No,No,No,No,No,Yes,Lead Developer,No,Yes,Yes,Yes,Yes,"Part plan-driven, part agile",,No,Rarely,Often,Never,Never,Never,Rarely,Neither prefer nor disprefer,Strongly prefer,Strongly disprefer,Strongly disprefer,Strongly disprefer,Neither prefer nor disprefer,Very successful,Very satisfied,,,,,No,Rarely,Rarely,Never,Rarely,Never,Rarely,Never,Rarely,Never,Never,Rarely,Sometimes,Rarely,Never,Never,Rarely,Never,Rarely,Never,Rarely,Never,Rarely,Never,Never,Rarely,Rarely,Rarely,Rarely,,
157,Telecom,7.5,Yes,No,No,No,No,No,No,,No,No,Yes,No,Yes,"Part plan-driven, part agile",,No,Sometimes,Often,Often,Rarely,Never,Often,Prefer,Prefer,Prefer,Prefer,Disprefer,Prefer,Successful,Neither satisfied nor dissatisfied,,,,,Yes,Sometimes,Rarely,Never,Sometimes,Rarely,Rarely,Sometimes,Sometimes,Rarely,Never,Rarely,Rarely,Rarely,Rarely,Rarely,Never,Never,Never,Never,Sometimes,Rarely,Never,Rarely,Sometimes,Sometimes,Sometimes,Rarely,Sometimes,,
160,IT,6,Yes,No,No,No,No,No,No,,No,No,No,No,No,"Part plan-driven, part agile",,No,Rarely,Very Often,Often,Often,Never,Often,Prefer,Strongly prefer,Strongly prefer,Prefer,Neither prefer nor disprefer,Strongly prefer,Successful,Satisfied,,,,,Yes,Rarely,Never,Never,Rarely,Sometimes,Rarely,Never,Rarely,Rarely,Never,Sometimes,Rarely,Rarely,Never,Never,Never,Never,Never,Never,Never,Sometimes,Never,Rarely,Rarely,Sometimes,Sometimes,Rarely,Rarely,,
162,Internet,10,Yes,No,No,No,No,Yes,No,,,,Yes,No,No,"Part plan-driven, part agile",,No,Rarely,Often,Often,Very Often,Never,Sometimes,Prefer,Prefer,Strongly prefer,Neither prefer nor disprefer,Neither prefer nor disprefer,Prefer,Successful,Satisfied,,,,,Yes,Rarely,Sometimes,Rarely,Rarely,Rarely,Sometimes,Sometimes,Rarely,Never,Sometimes,Sometimes,Sometimes,Rarely,Rarely,Rarely,Often,Sometimes,Sometimes,Rarely,Sometimes,Sometimes,Rarely,Sometimes,Rarely,Rarely,Rarely,Sometimes,Sometimes,,
164,Consulting,25,Yes,No,No,No,No,Yes,No,,No,No,Yes,Yes,No,Rather plan-driven,,No,Often,Very Often,Often,Sometimes,Never,Rarely,Prefer,Prefer,Prefer,Prefer,Neither prefer nor disprefer,Prefer,Successful,Satisfied,,Regular and on-demand communication via chat or video call.,,Better understanding tasks that have to be done.,No,Rarely,Rarely,Rarely,Sometimes,Sometimes,Rarely,Rarely,Rarely,Sometimes,Rarely,Rarely,Rarely,Rarely,Rarely,Rarely,Sometimes,Rarely,Rarely,Rarely,Rarely,Rarely,Sometimes,Rarely,Sometimes,Sometimes,Sometimes,Rarely,Rarely,,
165,RegTech,13,Yes,No,No,No,No,Yes,No,,No,Yes,Yes,No,,"Part plan-driven, part agile",,No,Sometimes,Very Often,Often,Sometimes,Never,Rarely,Disprefer,Prefer,Prefer,Prefer,Disprefer,Strongly prefer,Successful,Satisfied,,,,,Yes,Never,Rarely,Never,Rarely,Rarely,Rarely,Never,Sometimes,Sometimes,Rarely,Rarely,Rarely,Rarely,Rarely,Sometimes,Rarely,Sometimes,Rarely,Never,Sometimes,Rarely,Sometimes,Rarely,Sometimes,Sometimes,Sometimes,Never,Sometimes,,Things are different between pre-COVID and post-COVID. a more granular approach or a question more specific could lead to a better reply from the interviewed person
166,Product configuration and marketing,2,Yes,No,No,No,No,No,No,,No,Yes,No,No,Yes,Rather agile,,No,Often,Very Often,Sometimes,Often,Never,Very Often,Disprefer,Strongly prefer,Strongly prefer,Neither prefer nor disprefer,Strongly disprefer,Disprefer,Neither successful nor unsuccessful,Neither satisfied nor dissatisfied,,,,,Yes,Sometimes,Very Often,Often,Rarely,Sometimes,Very Often,Rarely,Very Often,Often,Rarely,Very Often,Very Often,Very Often,Very Often,Very Often,Very Often,Often,Sometimes,Sometimes,Very Often,Often,Rarely,Often,Sometimes,Very Often,Often,Very Often,Very Often,"Being the only person that knows about a topic, does present significant challenges. My team has in 90% of the cases no idea what my code does, and if there are issues, I have to resolve them on my own and have no one to bounce ideas off of. This is very bad for my personal morale, and has lead to a lack of motivation on several occasions.",
167,IT Software Developer,1,Yes,No,No,No,No,No,No,Database Administrator,No,No,Yes,No,No,"Part plan-driven, part agile",,Yes,Very Often,Very Often,Often,Sometimes,Never,Never,Neither prefer nor disprefer,Strongly prefer,Prefer,Neither prefer nor disprefer,Neither prefer nor disprefer,Neither prefer nor disprefer,Successful,Neither satisfied nor dissatisfied,,,,,Yes,Rarely,Sometimes,Rarely,Sometimes,Sometimes,Never,Rarely,Sometimes,Never,Never,Rarely,Sometimes,Rarely,Sometimes,Never,Rarely,Never,Never,Never,Never,Never,Rarely,Never,Often,Very Often,Sometimes,Often,Sometimes,Constant changing priorities. More service related tasks then development related tasks such as an email coming through asking for a report rather then working on the long term goals or tasks.,
169,IT,5,Yes,No,No,No,No,No,No,,No,,Yes,Yes,Yes,"Part plan-driven, part agile",,Yes,Very Often,Sometimes,Often,Rarely,Sometimes,Sometimes,Prefer,Neither prefer nor disprefer,Prefer,Neither prefer nor disprefer,Neither prefer nor disprefer,Neither prefer nor disprefer,Successful,Neither satisfied nor dissatisfied,,,,,No,Never,Sometimes,Never,Never,Sometimes,Rarely,Rarely,Sometimes,Sometimes,Never,Sometimes,Rarely,Sometimes,Rarely,Rarely,Never,Rarely,Never,Never,Rarely,Rarely,Sometimes,Sometimes,Sometimes,Rarely,Rarely,Sometimes,Rarely,,
170,Mobile device support,7,Yes,No,No,No,No,No,No,,No,Yes,Yes,Yes,No,"Part plan-driven, part agile",,Yes,Often,Sometimes,Often,Rarely,Never,Rarely,Strongly prefer,Prefer,Prefer,Disprefer,Neither prefer nor disprefer,Disprefer,Neither successful nor unsuccessful,Neither satisfied nor dissatisfied,,,,,Yes,Sometimes,Sometimes,Sometimes,Rarely,Rarely,Sometimes,Rarely,Rarely,Sometimes,Rarely,Rarely,Sometimes,Rarely,Often,Often,Often,Sometimes,Rarely,Never,Rarely,Never,Never,Sometimes,Often,Often,Often,Sometimes,Sometimes,,
171,Software Engineering ,8,Yes,No,No,No,No,No,No,,Yes,Yes,Yes,Yes,Yes,Very agile,,No,Sometimes,Very Often,Sometimes,Very Often,Never,Often,Neither prefer nor disprefer,Prefer,Prefer,Strongly prefer,Neither prefer nor disprefer,Strongly prefer,Very successful,Very satisfied,,,,,No,Never,Never,Never,Rarely,Sometimes,Sometimes,Often,Sometimes,Rarely,Sometimes,Sometimes,Sometimes,Rarely,Sometimes,Never,Sometimes,Rarely,Never,Never,Sometimes,Rarely,Sometimes,Sometimes,Sometimes,Rarely,Sometimes,Never,Rarely,,
172,Transportation,20,Yes,Yes,No,No,No,Yes,Yes,,No,No,No,Yes,No,"Part plan-driven, part agile",,No,Often,Sometimes,Often,Rarely,Never,Sometimes,Neither prefer nor disprefer,Neither prefer nor disprefer,Strongly prefer,Prefer,Neither prefer nor disprefer,Strongly prefer,Successful,Neither satisfied nor dissatisfied,,,,,No,Often,Sometimes,Sometimes,Sometimes,Sometimes,Often,Sometimes,Sometimes,Rarely,Rarely,Rarely,Often,Often,Rarely,Often,Often,Sometimes,Sometimes,Never,Sometimes,Rarely,Sometimes,Sometimes,Often,Often,Sometimes,Rarely,Sometimes,,
174,Real estate,14,Yes,No,No,No,No,No,No,Development Lead,No,No,Yes,No,No,Very agile,,No,Often,Very Often,Often,Sometimes,Never,Rarely,Neither prefer nor disprefer,Strongly prefer,Strongly prefer,Prefer,Neither prefer nor disprefer,Neither prefer nor disprefer,Successful,Satisfied,,,,,No,Rarely,Sometimes,Rarely,Sometimes,Rarely,Rarely,Never,Rarely,Never,Sometimes,Sometimes,Sometimes,Rarely,Never,Never,Never,Sometimes,Rarely,Rarely,Rarely,Sometimes,Rarely,Rarely,Rarely,Rarely,Rarely,Rarely,Rarely,Preferred employees are chosen to grow in hierarchy. For example german people will always choose for manager/leadership another german person.,I am curious what will happen with this data. Will be curious to see the results
176,Machine learning ,7,Yes,No,No,No,No,No,No,,Yes,Yes,Yes,Yes,Yes,"Part plan-driven, part agile",,No,Sometimes,Very Often,Often,Very Often,Never,Rarely,Disprefer,Prefer,Strongly prefer,Strongly prefer,Neither prefer nor disprefer,Prefer,Successful,Satisfied,,,,,No,Sometimes,Rarely,Sometimes,Very Often,Often,Often,Often,Very Often,Often,Sometimes,Very Often,Sometimes,Often,Sometimes,Sometimes,Sometimes,Rarely,Rarely,Never,Often,Sometimes,Very Often,Sometimes,Very Often,Very Often,Often,Sometimes,Sometimes,,
180,Telecommunications,8,Yes,No,No,No,No,No,No,,No,Yes,No,No,Yes,"Part plan-driven, part agile",,Yes,Very Often,Often,Often,Rarely,Never,Very Often,Prefer,Strongly prefer,Prefer,Neither prefer nor disprefer,Disprefer,Strongly prefer,Very successful,Neither satisfied nor dissatisfied,,,,,Yes,Rarely,Very Often,Never,Rarely,Rarely,Rarely,Rarely,Rarely,Rarely,Sometimes,Sometimes,Rarely,Sometimes,Rarely,Never,Rarely,Rarely,Never,Never,Sometimes,Never,Never,Rarely,Sometimes,Rarely,Rarely,Rarely,Never,,
181,Digital Products/Apps,6,Yes,No,No,No,No,Yes,Yes,,No,No,No,No,No,Rather agile,,Yes,Rarely,Often,Never,Often,Never,Often,Disprefer,Neither prefer nor disprefer,Disprefer,Prefer,Neither prefer nor disprefer,Strongly prefer,Very successful,Very satisfied,,,,,Yes,Rarely,Rarely,Rarely,Rarely,Sometimes,Sometimes,Rarely,Sometimes,Rarely,Rarely,Sometimes,Rarely,Rarely,Rarely,Never,Rarely,Rarely,Sometimes,Never,Rarely,Never,Rarely,Rarely,Rarely,Sometimes,Rarely,Often,Rarely,,
182,Consulting,3,No,No,No,No,No,No,Yes,Agile coach & scrum master,No,Yes,Yes,No,,Very agile,,Yes,Rarely,Very Often,Very Often,Very Often,Often,Sometimes,Neither prefer nor disprefer,Prefer,Prefer,Strongly prefer,Prefer,Strongly prefer,Successful,Satisfied,,,,,Yes,Rarely,Rarely,Never,Rarely,Rarely,Never,Never,Never,Sometimes,Never,Rarely,Rarely,Never,Rarely,Sometimes,Never,Rarely,Rarely,Never,Sometimes,Rarely,Sometimes,Rarely,Rarely,Rarely,Rarely,Never,Rarely,,
183,IT,10,Yes,No,Yes,No,No,No,Yes,,No,Yes,Yes,Yes,Yes,Very agile,,No,Often,Very Often,Very Often,Rarely,Never,Rarely,Neither prefer nor disprefer,Prefer,Strongly prefer,Neither prefer nor disprefer,Neither prefer nor disprefer,Prefer,Very successful,Very satisfied,,By use of MS Teams.,,"Better sync on progress, better planning and resolving impediments.",Yes,Rarely,Never,Rarely,Sometimes,Sometimes,Sometimes,Often,Rarely,Rarely,Rarely,Rarely,Sometimes,Rarely,Sometimes,Often,Sometimes,Sometimes,Rarely,Never,Sometimes,Rarely,Rarely,Rarely,Sometimes,Rarely,Sometimes,Rarely,Rarely,,
184,Public Services,12,Yes,No,No,No,No,Yes,Yes,,No,No,Yes,,No,Rather agile,,Yes,Very Often,Never,Sometimes,Rarely,Never,Rarely,Neither prefer nor disprefer,Strongly prefer,Prefer,Prefer,Neither prefer nor disprefer,Neither prefer nor disprefer,Successful,Dissatisfied,"No persistent chatroom""just"" work meetings with topic based discussion, no ""idea"" / ""brainstorming"" meetings, no creative thinking, group solutions",,"Unclear who takes action first (or at all) - who responds to an urgent email, who restarts the system that crashedThe team itself is hard to grasp",,Yes,Often,Often,Rarely,Sometimes,Sometimes,Sometimes,Often,Often,Rarely,Rarely,Often,Sometimes,Rarely,Rarely,Often,Often,Rarely,Often,Never,Very Often,Often,Often,Sometimes,Rarely,Sometimes,Often,Sometimes,Sometimes,"Hard to keep track of junior team members. Hard to know how much guidance they need. Heavily depends on how fast they ask for help on their own.Hard to form some kind of team spirit; successes are hard to celebrate. Basically everything needs to be done more ""consciously"" - be it asking for help, offering help, giving feedback, just talking about whats happening, ...Some of these things feel kind of ""weird""/""set up"" in real life for some people already; doing them virtually and with sending out calendar invites for them feels even more weird. But leaving out these events for establishing some social glue brings lots of new problems in the long run.",
185,,,Yes,No,No,No,No,Yes,No,,,,,,,"Part plan-driven, part agile",,No,Very Often,Often,Sometimes,Sometimes,Never,Sometimes,Strongly prefer,Prefer,Neither prefer nor disprefer,Neither prefer nor disprefer,Strongly disprefer,Neither prefer nor disprefer,Successful,Satisfied,,,,,No,Sometimes,Sometimes,Rarely,Rarely,Rarely,Rarely,Rarely,Often,Often,Rarely,Sometimes,Often,Rarely,Rarely,Often,Sometimes,Sometimes,Rarely,Never,Rarely,Rarely,Never,Rarely,Rarely,Rarely,Often,Often,Rarely,,
